{"cameraMode":{"drawMode":0,"name":"Shaded","section":"Shading Mode"},"sceneLighting":true,"audioPlay":false,"sceneViewState":{"showFog":true,"showMaterialUpdate":false,"showSkybox":false,"showFlares":true,"showImageEffects":true,"showParticleSystems":true},"in2DMode":false,"pivot":{"x":7.473919868469238,"y":-3.3005640506744386,"z":-157.71121215820313},"rotation":{"x":-0.2100794017314911,"y":-0.500430703163147,"z":0.12661047279834748,"w":-0.8303122520446777},"size":5.362001419067383,"orthographic":false}